Date,Korea_KOSPI,Swiss_SMI,Swiss_Returns,Korea_Returns,Korea_News_Sentiment
2026-01-05,4457.52001953125,13247.3203125,0.0,0.0337405355758556,0.0
2026-01-06,4525.47998046875,13322.150390625,0.0056328014068897,0.0151310826116117,0.0
2026-01-07,4551.06005859375,13324.0302734375,0.000141099607431,0.0056365411796575,0.0
2026-01-08,4552.3701171875,13350.8203125,0.0020086371605718,0.000287816477415,0.0
2026-01-09,4586.31982421875,13421.8203125,0.0053039345233387,0.0074299190426399,0.0
2026-01-12,4624.7900390625,13426.98046875,0.0003843863534598,0.0083530517164324,0.0
2026-01-13,4692.64013671875,13364.73046875,-0.0046469680242273,0.0145643800365743,0.0
2026-01-14,4723.10009765625,13464.83984375,0.0074626494896446,0.0064700313383822,0.0
2026-01-15,4797.5498046875,13476.3203125,0.0008522624399484,0.0156399458799523,0.0
2026-01-16,4840.740234375,13413.58984375,-0.0046657338893381,0.0089623197914654,0.0
2026-01-19,4904.66015625,13277.0400390625,-0.0102321299004165,0.0131181554279723,0.0
2026-01-20,4885.75,13169.9599609375,-0.0080977550013385,-0.0038630005207534,0.0
2026-01-21,4909.93017578125,13156.8095703125,-0.0009990129402769,0.0049369159587805,0.0
2026-01-22,4952.52978515625,13228.400390625,0.0054266004403397,0.0086387928514795,0.0
2026-01-23,4990.06982421875,13147.1298828125,-0.006162588139383,0.007551388756628,0.0
2026-01-26,4949.58984375,13142.01953125,-0.0003887802945907,-0.0081451891958902,0.0
2026-01-27,5084.85009765625,13216.23046875,0.0056309605977773,0.0269608364466475,0.0
2026-01-28,5170.81005859375,13023.8095703125,-0.0146664675334174,0.0167638109484507,0.0
2026-01-29,5221.25,13147.9296875,0.0094851203069241,0.0097074761351023,0.0
2026-01-30,5224.35986328125,13188.259765625,0.0030627141198378,0.0005954393116031,0.0
2026-02-02,4949.669921875,13409.1103515625,0.0166073307914994,-0.0540113842331204,0.0
2026-02-03,5288.080078125,13372.580078125,-0.0027280052533129,0.0661343538940524,0.0
2026-02-04,5371.10009765625,13508.1201171875,0.0100846471095444,0.0155775016368095,0.0
2026-02-05,5163.56982421875,13466.0400390625,-0.0031200313201438,-0.0394045807477043,0.0
2026-02-06,5089.14013671875,13431.650390625,-0.0025570721222918,-0.0145192822814219,0.0
2026-02-09,5298.0400390625,13517.73046875,0.0063883004452474,0.0402280638037949,0.0
2026-02-10,5301.68994140625,13518.2197265625,3.619312870606085e-05,0.0006886783898704,0.0
2026-02-11,5354.490234375,13547.080078125,0.0021326467993539,0.0099098784375814,0.0
2026-02-12,5522.27001953125,13529.919921875,-0.0012675081100141,0.0308535061365069,0.0
2026-02-13,5507.009765625,13600.669921875,0.0052155268856447,-0.0027672275872079,0.0
2026-02-16,5507.009765625,13656.0,0.0040599350019189,0.0,0.0
2026-02-17,5507.009765625,13752.83984375,0.0070663513861207,0.0,0.0
2026-02-18,5507.009765625,13807.0400390625,0.0039332729619218,0.0,0.0
2026-02-19,5677.25,13799.58984375,-0.0005397395861059,0.0304451769726289,0.0
2026-02-20,5808.52978515625,13859.759765625,0.004350790429975,0.0228605292524085,0.0
2026-02-23,5846.08984375,13871.0595703125,0.0008149636818172,0.006445545170212,0.0
2026-02-24,5969.64013671875,13997.1298828125,0.0090476758617661,0.0209136119958463,0.0
2026-02-25,6083.85986328125,13977.099609375,-0.0014320520868124,0.0189526935019501,0.0
2026-02-26,6307.27001953125,13913.73046875,-0.0045440920538188,0.036063598955438,0.0
2026-02-27,6244.1298828125,14014.2998046875,0.0072020668598156,-0.0100611357824825,0.0
2026-03-02,6244.1298828125,13834.099609375,-0.012941692463641,0.0,0.0
2026-03-03,5791.91015625,13404.9296875,-0.0315140040533231,-0.0751796603900745,0.0
2026-03-04,5093.5400390625,13510.740234375,0.007862415630812,-0.1284890654335964,0.0
2026-03-05,5583.89990234375,13298.2998046875,-0.015848749238473,0.0919143616690205,0.0
2026-03-06,5584.8701171875,13095.5498046875,-0.0153637298952929,0.0001737370980857,0.0
2026-03-09,5251.8701171875,13000.08984375,-0.0073161944315527,-0.0614769506270138,0.0
2026-03-10,5532.58984375,13065.1904296875,0.004995205930707,0.0520718061067391,0.0
2026-03-11,5609.9501953125,12958.58984375,-0.0081925977746079,0.0138858095751133,0.0
2026-03-12,5583.25,12842.16015625,-0.0090253560717308,-0.0047707975358406,0.0
2026-03-13,5487.240234375,12839.26953125,-0.0002251140257674,-0.017345604536938,0.0
2026-03-16,5549.85009765625,12882.2001953125,0.003338122151167,0.0113454783807666,0.0
2026-03-17,5640.47998046875,12962.41015625,0.0062071137754011,0.0161982468466349,0.0
2026-03-18,5925.02978515625,12765.48046875,-0.0153089529537038,0.0492165492302395,0.0
2026-03-19,5763.22021484375,12459.5400390625,-0.024258091851891,-0.0276893304729689,0.0
2026-03-20,5781.2001953125,12320.990234375,-0.0111822666327373,0.0031149238104439,0.0
2026-03-23,5405.75,12389.6796875,0.0055595117626669,-0.0671481055047579,0.0
2026-03-24,5553.919921875,12515.9404296875,0.0101392234576595,0.0270407688092308,0.0
2026-03-25,5642.2099609375,12718.3603515625,0.0160435801616874,0.0157718551264381,0.0
2026-03-26,5460.4599609375,12641.9599609375,-0.0060252095253258,-0.0327427976689296,0.0
2026-03-27,5438.8701171875,12570.259765625,-0.0056877489871747,-0.0039616878896048,0.0
2026-03-30,5277.2998046875,12668.669921875,0.0077983223688858,-0.0301567739680993,0.0
2026-03-31,5052.4599609375,12776.7900390625,0.0084982364677872,-0.0435393206208195,0.0
2026-04-01,5478.7001953125,12991.25,0.0166458071721232,0.0809926365292884,0.0
2026-04-02,5234.0498046875,12981.9697265625,-0.0007146032667585,-0.0456825625196019,0.0
2026-04-03,5377.2998046875,12981.9697265625,0.0,0.0270010334729521,0.0
2026-04-06,5450.330078125,12981.9697265625,0.0,0.013489818492036,0.0
2026-04-07,5494.77978515625,12790.349609375,-0.014870500848999,0.008122339923015,0.0
2026-04-08,5872.33984375,13113.4296875,0.0249459222622917,0.0664546533777559,0.0
2026-04-09,5778.009765625,13159.5595703125,0.0035115859686182,-0.0161938727535917,0.0
2026-04-10,5858.8701171875,13183.2802734375,0.0018009227309474,0.0138974800495749,0.0
2026-04-13,5808.6201171875,13145.91015625,-0.0028386852517737,-0.008613730920267,0.0
2026-04-14,5967.75,13269.76953125,0.0093777850258764,0.0270269306323719,0.0
2026-04-15,6091.39013671875,13219.580078125,-0.0037894107574266,0.0205063492006492,0.0
2026-04-16,6226.0498046875,13173.169921875,-0.0035168903646186,0.0218657503111116,0.0
2026-04-17,6191.919921875,13426.7197265625,0.0190645515851735,-0.0054968677653049,0.0
2026-04-20,6219.08984375,13284.2197265625,-0.0106698869333701,0.0043783649827382,0.0
2026-04-21,6388.47021484375,13134.1396484375,-0.0113619237681662,0.0268712680573119,0.0
2026-04-22,6417.93017578125,13067.6298828125,-0.0050767493694723,0.0046008264625939,0.0
2026-04-23,6475.81005859375,13248.0595703125,0.0137129232513441,0.008978042142159,0.0
2026-04-24,6475.6298828125,13169.7001953125,-0.0059323429012535,-2.78232817473074e-05,0.0
2026-04-27,6615.02978515625,13165.23046875,-0.0003394523161983,0.0212984181727765,0.0
2026-04-28,6641.02001953125,13147.9404296875,-0.0013141739258743,0.0039212688637773,0.0
2026-04-29,6690.89990234375,13031.900390625,-0.0088648972152832,0.0074828105548187,0.0
2026-04-30,6598.8701171875,13136.26953125,0.0079768431918329,-0.0138499396330799,0.0
2026-05-04,6936.990234375,13003.330078125,-0.0101715865034122,0.049969556631634,0.0
2026-05-05,6936.990234375,13052.169921875,0.003748912970467,0.0,0.0
2026-05-06,7384.56005859375,13283.259765625,0.0175501807214126,0.0625233452697486,0.0
2026-05-07,7490.0498046875,13135.4296875,-0.0111914424324952,0.0141841050852041,0.0
2026-05-08,7498.0,13100.6298828125,-0.0026528240647418,0.001060871315712,0.0
2026-05-11,7822.240234375,13101.330078125,5.344602569502264e-05,0.0423346702013916,0.0
2026-05-12,7643.14990234375,13119.5302734375,0.0013882228112556,-0.0231611794225253,0.0
2026-05-13,7844.009765625,13212.9599609375,0.0070961826039771,0.0259403442209779,0.0
2026-05-14,7981.41015625,13212.9599609375,0.0,0.0173649538460724,0.0
2026-05-15,7493.18017578125,13220.169921875,0.0005455245858715,-0.0631218101862391,0.0
2026-05-18,7516.0400390625,13240.7001953125,0.0015517462174278,0.0030461117406541,0.0
2026-05-19,7271.66015625,13364.7998046875,0.0093289364527141,-0.0330547861198475,0.0
2026-05-20,7208.9501953125,13399.2900390625,0.0025773529881905,-0.0086612858774837,0.0
2026-05-21,7815.58984375,13446.4296875,0.0035118966723222,0.0807971001562895,0.0
2026-05-22,7847.7099609375,13503.2099609375,0.0042138119986064,0.0041013276400354,0.0
2026-05-26,8047.509765625,13525.6796875,0.0016626455641366,0.0251409331750249,0.0
2026-05-27,8228.7001953125,13627.41015625,0.0074931394787498,0.0222653695719156,0.0
2026-05-28,8185.2900390625,13504.759765625,-0.0090410185717379,-0.0052894216264064,0.0
2026-05-29,8476.150390625,13542.66015625,0.0028025161394751,0.0349177377279727,0.0
2026-06-01,8788.3798828125,13305.400390625,-0.0176747174534184,0.0361739976744723,0.0
2026-06-02,8801.490234375,13305.7197265625,2.400018759899453e-05,0.0014906709262621,0.0
2026-06-03,8801.490234375,13218.3203125,-0.0065902276014221,0.0,0.0
2026-06-04,8639.41015625,13341.26953125,0.0092584334114238,-0.0185867404293001,0.0
2026-06-05,8160.58984375,13388.23046875,0.0035137945579163,-0.0570178603961053,0.0
2026-06-08,7484.41015625,13320.990234375,-0.0050349935083329,-0.0864942398106578,0.0
2026-06-09,8096.93017578125,13356.3095703125,0.0026478959139374,0.0786627878727745,0.0
2026-06-10,7730.81982421875,13463.330078125,0.0079807989409421,-0.0462700847565132,0.0
2026-06-11,7763.9501953125,13529.650390625,0.0049139031554297,0.0042763360204812,0.0
2026-06-12,8123.6201171875,13708.01953125,0.0130974265386556,0.0452846315990243,0.0
2026-06-15,8545.98046875,13717.5400390625,0.000694279959577,0.0506851697313008,0.0
2026-06-16,8726.599609375,13761.5302734375,0.0032017292764011,0.0209147358092021,0.0
2026-06-17,8864.240234375,13815.240234375,0.0038953095567148,0.0156494442886724,0.0
2026-06-18,9063.83984375,13765.830078125,-0.0035829073018268,0.0222676221892441,0.0
2026-06-19,9052.419921875,13774.01953125,0.0005947347921321,-0.0012607374298411,0.0
2026-06-22,9114.5498046875,13848.509765625,0.0053934535934039,0.0068398996610148,0.0
2026-06-23,8203.83984375,13910.7001953125,0.0044807135234526,-0.1052696980192071,0.0
2026-06-24,8471.01953125,14117.75,0.0147745287079733,0.0320485528148679,0.0
2026-06-25,8930.2998046875,14231.9599609375,0.008057266121289,0.0527990959709703,0.0
2026-06-26,8411.2099609375,14172.7099609375,-0.0041718552686615,-0.0598846317489726,0.0
2026-06-29,8394.650390625,14223.900390625,0.0036053940597268,-0.0019706906192658,0.0
2026-06-30,8476.48046875,14193.919921875,-0.0021099774397248,0.0097006798787849,0.0
2026-07-01,8303.41015625,14114.0,-0.0056464858198488,-0.0206290319681753,0.0
2026-07-02,7648.08984375,14352.98046875,0.0167904062314444,-0.0822103695882364,0.0
2026-07-03,8088.33984375,14424.240234375,0.0049525221363054,0.0559675760708822,0.0
2026-07-06,8051.330078125,14302.259765625,-0.0084925905970698,-0.0045861942249797,0.0
2026-07-07,7656.31005859375,14360.4501953125,0.0040603634278411,-0.0503071527762634,0.0
2026-07-08,7246.7900390625,14174.349609375,-0.0130439481525059,-0.0549715345123169,0.0
2026-07-09,7291.91015625,14215.2998046875,0.0028848699831278,0.0062069182855105,0.0
2026-07-10,7475.93994140625,14235.08984375,0.001391196570514,0.0249243201661021,0.0
2026-07-13,6806.93017578125,14266.1796875,0.0021816471050273,-0.0937486193361384,0.0
2026-07-14,6856.830078125,14241.76953125,-0.0017125161847564,0.0073040105003286,0.0
2026-07-15,7284.41015625,14307.3095703125,0.0045914023332683,0.0604912222796901,0.0
2026-07-16,6820.60009765625,14267.1904296875,-0.0028080398248024,-0.0657890106420749,0.0
2026-07-17,6820.60009765625,14343.7001953125,0.0053483094255355,0.0,0.0
2026-07-20,6516.27001953125,14254.3603515625,-0.0062479855398402,-0.0456453295003641,0.0
2026-07-21,6747.9501953125,14298.259765625,0.0030749856561929,0.0349366546546747,0.0
2026-07-22,6797.7001953125,14315.8798828125,0.0012315673042143,0.0073455644082283,0.0
2026-07-23,7096.89013671875,14214.9501953125,-0.007075161027608,0.0430723307748647,0.0
2026-07-24,6690.6201171875,14327.2001953125,0.007865600677152,-0.0589501161840086,0.0
2026-07-27,6755.75,14421.9697265625,0.006592877274618,0.0096874311199342,0.0
2026-07-28,6023.66015625,14571.330078125,0.0103031854844531,-0.1146989201753502,0.0
2026-07-29,5663.240234375,14486.099609375,-0.0058663628610494,-0.0616988659583393,0.0
2026-07-30,5593.56005859375,14392.490234375,-0.0064829829549032,-0.0123802615238061,0.0
2026-07-31,6595.4501953125,14346.1396484375,-0.0032256670771042,0.1647641005060069,0.0
2026-08-03,6257.4501953125,14371.76953125,0.0017849411986714,-0.0526072618717742,0.0
2026-08-04,6358.9501953125,14463.23046875,0.006343765855693,0.0160905150042641,0.0
2026-08-05,6598.259765625,14551.5595703125,0.0060885758133897,0.036942642292419,0.0
2026-08-06,6296.3798828125,14518.75,-0.0022572572998656,-0.0468310959265107,0.0
2026-08-07,6258.77001953125,14544.91015625,0.001800197440663,-0.0059911631595325,0.0
2026-08-10,6299.66015625,14633.7001953125,0.0060859864162198,0.0065120051863095,0.0
2026-08-11,6345.52978515625,14575.25,-0.0040022166453522,0.0072549056691348,0.0
2026-08-12,6579.0400390625,14449.4697265625,-0.0086671679867301,0.0361382498149143,0.0
2026-08-13,6813.33984375,14475.1298828125,0.0017742795632919,0.0349935882333893,0.0
2026-08-14,6977.93994140625,14390.669921875,-0.005851921826963,0.0238713036707944,0.0
2026-08-17,6977.93994140625,14302.3896484375,-0.0061534429105411,0.0,0.0
2026-08-18,6869.830078125,14320.900390625,0.0012934044089817,-0.0156143638473483,0.0
2026-08-19,6471.169921875,14386.580078125,0.0045757970415494,-0.0597824573182392,0.0
2026-08-20,6852.580078125,14368.16015625,-0.0012811748076604,0.0572683203860452,0.0
2026-08-21,6912.9501953125,14456.98046875,0.0061627171062113,0.008771257341417,0.0
2026-08-24,6696.9599609375,14447.1904296875,-0.0006774136141997,-0.0317428061866602,0.0
2026-08-25,6742.740234375,14525.2900390625,0.0053913090824797,0.0068127190099848,0.0
2026-08-26,6808.2099609375,14542.900390625,0.0012116580672332,0.009662825857702,0.0
2026-08-27,6912.3701171875,14384.3701171875,-0.0109607203008852,0.0151833459937256,0.0
2026-08-28,6788.8798828125,14399.76953125,0.001069993108691,-0.018026614865145,0.0
2026-08-31,6820.02001953125,14286.4296875,-0.0079020878756609,0.0045764450163814,0.0
2026-09-01,6835.7998046875,14334.7900390625,0.0033793386897667,0.0023110721117827,0.0
2026-09-02,6562.72021484375,14362.9697265625,0.0019638952160233,-0.0407682954756315,0.0
2026-09-03,6579.47998046875,14394.76953125,0.0022115658928226,0.0025505279879142,0.0
2026-09-04,6687.2099609375,14395.9404296875,8.133862900467282e-05,0.0162410290642351,0.0
2026-09-07,6995.39013671875,14279.3798828125,-0.0081297218363613,0.0450546392629391,0.0
2026-09-08,6954.52001953125,14057.6103515625,-0.0156526192284198,-0.0058595695123138,0.0
2026-09-09,7051.64013671875,13804.7001953125,-0.018154783129286,0.0138684225679512,0.0
2026-09-10,7033.919921875,13740.099609375,-0.0046905916789241,-0.0025160837224006,0.0
2026-09-11,6909.91015625,13829.7998046875,0.0065071337750015,-0.017787513845496,0.0
